id,type,section_id,section_name,web_publication_date,web_title,web_url,api_url,is_hosted,pillar_id,pillar_name,counter,formatted_date,year
lets-workflow-it/2021/jul/20/why-dont-we-try-something-new-flexible-working-can-be-a-chance-to-redefine-roles,article,lets-workflow-it,Let's workflow it,2021-07-20 08:46:51,‘Why don’t we try something new?’: flexible working can be a chance to redefine roles,https://www.theguardian.com/lets-workflow-it/2021/jul/20/why-dont-we-try-something-new-flexible-working-can-be-a-chance-to-redefine-roles,https://content.guardianapis.com/lets-workflow-it/2021/jul/20/why-dont-we-try-something-new-flexible-working-can-be-a-chance-to-redefine-roles,False,,,2,20/07/2021,2021
music/2021/jun/28/robot-rock-can-big-tech-pick-pops-next-megastar,article,music,Music,2021-06-28 05:00:45,‘A talent scout can’t go to 100 shows a night’ – how big data is choosing the next pop stars,https://www.theguardian.com/music/2021/jun/28/robot-rock-can-big-tech-pick-pops-next-megastar,https://content.guardianapis.com/music/2021/jun/28/robot-rock-can-big-tech-pick-pops-next-megastar,False,pillar/arts,Arts,2,28/06/2021,2021
lifeandstyle/2021/jun/26/project-cassandra-plan-to-use-novels-to-predict-next-war,article,books,Books,2021-06-26 10:00:03,"‘At first I thought, this is crazy’: the real-life plan to use novels to predict the next war",https://www.theguardian.com/lifeandstyle/2021/jun/26/project-cassandra-plan-to-use-novels-to-predict-next-war,https://content.guardianapis.com/lifeandstyle/2021/jun/26/project-cassandra-plan-to-use-novels-to-predict-next-war,False,pillar/arts,Arts,2,26/06/2021,2021
digital-mindset/2021/may/26/support-network-how-student-wellbeing-services-are-going-digital,article,digital-mindset,Digital mindset,2021-05-26 09:45:12,Support network: how student wellbeing services are going digital,https://www.theguardian.com/digital-mindset/2021/may/26/support-network-how-student-wellbeing-services-are-going-digital,https://content.guardianapis.com/digital-mindset/2021/may/26/support-network-how-student-wellbeing-services-are-going-digital,False,,,2,26/05/2021,2021
business/live/2021/apr/19/economic-optimism-markets-workers-office-economics-eurozone-construction-house-prices-business-live,liveblog,business,Business,2021-04-19 17:46:29,UK probes Nvidia’s Arm deal; workers split over return to office – as it happened,https://www.theguardian.com/business/live/2021/apr/19/economic-optimism-markets-workers-office-economics-eurozone-construction-house-prices-business-live,https://content.guardianapis.com/business/live/2021/apr/19/economic-optimism-markets-workers-office-economics-eurozone-construction-house-prices-business-live,False,pillar/news,News,2,19/04/2021,2021
business/live/2021/mar/11/us-stimulus-markets-ecb-meeting-rolls-royce-john-lewis-ftse-dow-business-live,liveblog,business,Business,2021-03-11 17:29:16,ECB accelerates bond-buying; UK delays EU import checks; John Lewis store closure warning – as it happened,https://www.theguardian.com/business/live/2021/mar/11/us-stimulus-markets-ecb-meeting-rolls-royce-john-lewis-ftse-dow-business-live,https://content.guardianapis.com/business/live/2021/mar/11/us-stimulus-markets-ecb-meeting-rolls-royce-john-lewis-ftse-dow-business-live,False,pillar/news,News,3,11/03/2021,2021
business/2021/feb/20/drug-companies-look-to-ai-to-end-hit-and-miss-research,article,business,Business,2021-02-20 16:00:36,Drug companies look to AI to end 'hit and miss' research,https://www.theguardian.com/business/2021/feb/20/drug-companies-look-to-ai-to-end-hit-and-miss-research,https://content.guardianapis.com/business/2021/feb/20/drug-companies-look-to-ai-to-end-hit-and-miss-research,False,pillar/news,News,3,20/02/2021,2021
education/2021/feb/16/is-there-a-problem-you-want-to-solve-how-to-get-a-place-on-a-tech-masters-programme,article,education,Education,2021-02-16 19:32:32,'Is there a problem you want to solve?': how to get a place on a tech master's programme,https://www.theguardian.com/education/2021/feb/16/is-there-a-problem-you-want-to-solve-how-to-get-a-place-on-a-tech-masters-programme,https://content.guardianapis.com/education/2021/feb/16/is-there-a-problem-you-want-to-solve-how-to-get-a-place-on-a-tech-masters-programme,False,pillar/news,News,3,16/02/2021,2021
business/2020/dec/17/alibaba-offered-clients-facial-recognition-to-identify-uighur-people,article,business,Business,2020-12-17 10:44:50,"Alibaba offered clients facial recognition to identify Uighur people, report reveals",https://www.theguardian.com/business/2020/dec/17/alibaba-offered-clients-facial-recognition-to-identify-uighur-people,https://content.guardianapis.com/business/2020/dec/17/alibaba-offered-clients-facial-recognition-to-identify-uighur-people,False,pillar/news,News,3,17/12/2020,2020
world/2020/nov/15/chumocracy-covid-revealed-shape-tory-establishment,article,world,World news,2020-11-15 12:40:26,'Chumocracy': how Covid revealed the new shape of the Tory establishment,https://www.theguardian.com/world/2020/nov/15/chumocracy-covid-revealed-shape-tory-establishment,https://content.guardianapis.com/world/2020/nov/15/chumocracy-covid-revealed-shape-tory-establishment,False,pillar/news,News,3,15/11/2020,2020
business/2020/sep/06/nobody-is-safe-why-australias-covid-jobs-crisis-could-last-years,article,business,Business,2020-09-05 20:00:04,'Nobody is safe': why Australia's Covid jobs crisis could last years,https://www.theguardian.com/business/2020/sep/06/nobody-is-safe-why-australias-covid-jobs-crisis-could-last-years,https://content.guardianapis.com/business/2020/sep/06/nobody-is-safe-why-australias-covid-jobs-crisis-could-last-years,False,pillar/news,News,4,05/09/2020,2020
commentisfree/2020/aug/31/why-are-us-companies-buying-tech-from-chinese-firms-that-spy-on-muslims,article,commentisfree,Opinion,2020-08-31 12:51:29,Why are US companies buying tech from Chinese firms that spy on Muslims? | Darren Byler,https://www.theguardian.com/commentisfree/2020/aug/31/why-are-us-companies-buying-tech-from-chinese-firms-that-spy-on-muslims,https://content.guardianapis.com/commentisfree/2020/aug/31/why-are-us-companies-buying-tech-from-chinese-firms-that-spy-on-muslims,False,pillar/opinion,Opinion,4,31/08/2020,2020
technology/2020/aug/27/facebook-kenosha-shooter-support-ban,article,technology,Technology,2020-08-27 22:35:39,Praise for alleged Kenosha shooter proliferates on Facebook despite supposed ban,https://www.theguardian.com/technology/2020/aug/27/facebook-kenosha-shooter-support-ban,https://content.guardianapis.com/technology/2020/aug/27/facebook-kenosha-shooter-support-ban,False,pillar/news,News,4,27/08/2020,2020
politics/2020/jul/12/revealed-dominic-cummings-firm-paid-vote-leaves-ai-firm-260000,article,politics,Politics,2020-07-12 12:00:13,"Revealed: Dominic Cummings firm paid Vote Leave's AI firm £260,000",https://www.theguardian.com/politics/2020/jul/12/revealed-dominic-cummings-firm-paid-vote-leaves-ai-firm-260000,https://content.guardianapis.com/politics/2020/jul/12/revealed-dominic-cummings-firm-paid-vote-leaves-ai-firm-260000,False,pillar/news,News,4,12/07/2020,2020
lifeandstyle/2020/jun/19/in-your-ear-coach-beefy-and-the-rise-of-the-fitness-app,article,lifeandstyle,Life and style,2020-06-19 11:21:34,'People found my voice and connected with it': the rise of in-app running coaches,https://www.theguardian.com/lifeandstyle/2020/jun/19/in-your-ear-coach-beefy-and-the-rise-of-the-fitness-app,https://content.guardianapis.com/lifeandstyle/2020/jun/19/in-your-ear-coach-beefy-and-the-rise-of-the-fitness-app,False,pillar/lifestyle,Lifestyle,4,19/06/2020,2020
football/blog/2020/may/29/german-rallied-save-womens-football-fa-should-be-embarrassed,article,football,Football,2020-05-29 07:00:53,Germany rallied to save women's football – the FA should be embarrassed | Suzanne Wrack,https://www.theguardian.com/football/blog/2020/may/29/german-rallied-save-womens-football-fa-should-be-embarrassed,https://content.guardianapis.com/football/blog/2020/may/29/german-rallied-save-womens-football-fa-should-be-embarrassed,False,pillar/sport,Sport,5,29/05/2020,2020
society/2020/may/02/a-threat-to-health-is-being-weaponised-inside-the-fight-against-online-hate,article,society,Society,2020-05-02 10:00:20,‘A threat to health is being weaponised’: inside the fight against online hate crime,https://www.theguardian.com/society/2020/may/02/a-threat-to-health-is-being-weaponised-inside-the-fight-against-online-hate,https://content.guardianapis.com/society/2020/may/02/a-threat-to-health-is-being-weaponised-inside-the-fight-against-online-hate,False,pillar/news,News,5,02/05/2020,2020
careers/2020/apr/02/the-problem-of-gendered-language-is-universal-how-ai-reveals-media-bias,article,careers,Guardian Careers,2020-04-02 09:10:33,'The problem of gendered language is universal' – how AI reveals media bias,https://www.theguardian.com/careers/2020/apr/02/the-problem-of-gendered-language-is-universal-how-ai-reveals-media-bias,https://content.guardianapis.com/careers/2020/apr/02/the-problem-of-gendered-language-is-universal-how-ai-reveals-media-bias,False,,,5,02/04/2020,2020
film/2020/jan/16/its-a-war-between-technology-and-a-donkey-how-ai-is-shaking-up-hollywood,article,film,Film,2020-01-16 15:00:35,'It's a war between technology and a donkey' – how AI is shaking up Hollywood,https://www.theguardian.com/film/2020/jan/16/its-a-war-between-technology-and-a-donkey-how-ai-is-shaking-up-hollywood,https://content.guardianapis.com/film/2020/jan/16/its-a-war-between-technology-and-a-donkey-how-ai-is-shaking-up-hollywood,False,pillar/arts,Arts,5,16/01/2020,2020
society/2019/nov/18/child-protection-ai-predict-prevent-risks,article,society,Society,2019-11-18 10:15:43,Is it right to use AI to identify children at risk of harm?,https://www.theguardian.com/society/2019/nov/18/child-protection-ai-predict-prevent-risks,https://content.guardianapis.com/society/2019/nov/18/child-protection-ai-predict-prevent-risks,False,pillar/news,News,5,18/11/2019,2019
technology/2019/nov/12/google-medical-data-project-nightingale-secret-transfer-us-health-information,article,technology,Technology,2019-11-12 15:29:07,Google's secret cache of medical data includes names and full details of millions – whistleblower,https://www.theguardian.com/technology/2019/nov/12/google-medical-data-project-nightingale-secret-transfer-us-health-information,https://content.guardianapis.com/technology/2019/nov/12/google-medical-data-project-nightingale-secret-transfer-us-health-information,False,pillar/news,News,6,12/11/2019,2019
music/2019/nov/03/ada-lovelace-imagining-the-analytical-engine-review-barbican-london,article,music,Music,2019-11-03 12:15:06,Ada Lovelace: Imagining the Analytical Engine review – where rhythms meet algorithms,https://www.theguardian.com/music/2019/nov/03/ada-lovelace-imagining-the-analytical-engine-review-barbican-london,https://content.guardianapis.com/music/2019/nov/03/ada-lovelace-imagining-the-analytical-engine-review-barbican-london,False,pillar/arts,Arts,6,03/11/2019,2019
technology/2019/oct/25/unilever-saves-on-recruiters-by-using-ai-to-assess-job-interviews,article,technology,Technology,2019-10-25 05:00:11,Unilever saves on recruiters by using AI to assess job interviews,https://www.theguardian.com/technology/2019/oct/25/unilever-saves-on-recruiters-by-using-ai-to-assess-job-interviews,https://content.guardianapis.com/technology/2019/oct/25/unilever-saves-on-recruiters-by-using-ai-to-assess-job-interviews,False,pillar/news,News,6,25/10/2019,2019
technology/2019/oct/20/tinder-boss-elie-seidman-if-you-behave-badly-we-want-you-out,article,technology,Technology,2019-10-20 13:00:55,"Tinder boss Elie Seidman: ‘If you behave badly, we want you out’",https://www.theguardian.com/technology/2019/oct/20/tinder-boss-elie-seidman-if-you-behave-badly-we-want-you-out,https://content.guardianapis.com/technology/2019/oct/20/tinder-boss-elie-seidman-if-you-behave-badly-we-want-you-out,False,pillar/news,News,6,20/10/2019,2019
technology/2019/oct/14/automating-poverty-algorithms-punish-poor,article,technology,Technology,2019-10-14 09:00:14,Digital dystopia: how algorithms punish the poor,https://www.theguardian.com/technology/2019/oct/14/automating-poverty-algorithms-punish-poor,https://content.guardianapis.com/technology/2019/oct/14/automating-poverty-algorithms-punish-poor,False,pillar/news,News,6,14/10/2019,2019
politics/2019/oct/11/dominic-cummings-accused-of-conflict-of-interest-over-nhs-fund,article,politics,Politics,2019-10-11 11:00:10,Dominic Cummings accused of conflict of interest over NHS fund,https://www.theguardian.com/politics/2019/oct/11/dominic-cummings-accused-of-conflict-of-interest-over-nhs-fund,https://content.guardianapis.com/politics/2019/oct/11/dominic-cummings-accused-of-conflict-of-interest-over-nhs-fund,False,pillar/news,News,7,11/10/2019,2019
society/2019/aug/08/boris-johnson-pledges-250m-for-nhs-artificial-intelligence,article,society,Society,2019-08-07 23:01:06,Boris Johnson pledges £250m for NHS artificial intelligence,https://www.theguardian.com/society/2019/aug/08/boris-johnson-pledges-250m-for-nhs-artificial-intelligence,https://content.guardianapis.com/society/2019/aug/08/boris-johnson-pledges-250m-for-nhs-artificial-intelligence,False,pillar/news,News,7,07/08/2019,2019
australia-news/2019/aug/03/buy-now-pay-later-ai-and-the-red-light-risk-for-millions-of-australian-jobs,article,australia-news,Australia news,2019-08-02 22:00:30,"Buy now, pay later: AI and the ‘red-light risk' for millions of Australian jobs",https://www.theguardian.com/australia-news/2019/aug/03/buy-now-pay-later-ai-and-the-red-light-risk-for-millions-of-australian-jobs,https://content.guardianapis.com/australia-news/2019/aug/03/buy-now-pay-later-ai-and-the-red-light-risk-for-millions-of-australian-jobs,False,pillar/news,News,7,02/08/2019,2019
football/2019/aug/01/bt-sport-football-season-predictor-data-ai,article,football,Football,2019-08-01 14:00:53,BT’s season predictor shows data leaves football bedevilled by details | Jonathan Wilson,https://www.theguardian.com/football/2019/aug/01/bt-sport-football-season-predictor-data-ai,https://content.guardianapis.com/football/2019/aug/01/bt-sport-football-season-predictor-data-ai,False,pillar/sport,Sport,7,01/08/2019,2019
education/2019/jun/27/snake-oil-or-panacea-can-technology-improve-student-mental-health,article,education,Education,2019-06-27 06:00:13,Snake oil or panacea: can technology improve student mental health?,https://www.theguardian.com/education/2019/jun/27/snake-oil-or-panacea-can-technology-improve-student-mental-health,https://content.guardianapis.com/education/2019/jun/27/snake-oil-or-panacea-can-technology-improve-student-mental-health,False,pillar/news,News,7,27/06/2019,2019
technology/2019/jun/12/perth-councils-facial-recognition-trial-accused-of-blanket-surveillance,article,technology,Technology,2019-06-11 21:25:18,Perth council facial recognition trial greeted with concern and scepticism,https://www.theguardian.com/technology/2019/jun/12/perth-councils-facial-recognition-trial-accused-of-blanket-surveillance,https://content.guardianapis.com/technology/2019/jun/12/perth-councils-facial-recognition-trial-accused-of-blanket-surveillance,False,pillar/news,News,8,11/06/2019,2019
society/2019/mar/22/share-any-data-stay-alive-progress-digital-healthcare-public-services,article,society,Society,2019-03-22 09:02:22,'I'd share any data to stay alive longer': the progress of digital public services,https://www.theguardian.com/society/2019/mar/22/share-any-data-stay-alive-progress-digital-healthcare-public-services,https://content.guardianapis.com/society/2019/mar/22/share-any-data-stay-alive-progress-digital-healthcare-public-services,False,pillar/news,News,8,22/03/2019,2019
uk-news/2019/mar/17/cambridge-analytica-year-on-lesson-in-institutional-failure-christopher-wylie,article,uk-news,UK news,2019-03-17 08:00:08,Cambridge Analytica a year on: ‘a lesson in institutional failure’,https://www.theguardian.com/uk-news/2019/mar/17/cambridge-analytica-year-on-lesson-in-institutional-failure-christopher-wylie,https://content.guardianapis.com/uk-news/2019/mar/17/cambridge-analytica-year-on-lesson-in-institutional-failure-christopher-wylie,False,pillar/news,News,8,17/03/2019,2019
books/2019/mar/12/the-creativity-code-marcus-du-sautoy-review,article,books,Books,2019-03-12 07:00:38,The Creativity Code by Marcus du Sautoy – review,https://www.theguardian.com/books/2019/mar/12/the-creativity-code-marcus-du-sautoy-review,https://content.guardianapis.com/books/2019/mar/12/the-creativity-code-marcus-du-sautoy-review,False,pillar/arts,Arts,8,12/03/2019,2019
commentisfree/2019/mar/06/digital-manipulation-eu-elections-personal-information,article,commentisfree,Opinion,2019-03-06 06:00:17,Why it's too easy to manipulate voters – and steal the EU elections | Eleonora Nestola,https://www.theguardian.com/commentisfree/2019/mar/06/digital-manipulation-eu-elections-personal-information,https://content.guardianapis.com/commentisfree/2019/mar/06/digital-manipulation-eu-elections-personal-information,False,pillar/opinion,Opinion,8,06/03/2019,2019
education/2019/feb/22/are-university-campuses-turning-into-mini-smart-cities,article,education,Education,2019-02-22 14:07:04,Are university campuses turning into mini smart cities?,https://www.theguardian.com/education/2019/feb/22/are-university-campuses-turning-into-mini-smart-cities,https://content.guardianapis.com/education/2019/feb/22/are-university-campuses-turning-into-mini-smart-cities,False,pillar/news,News,9,22/02/2019,2019
education/2019/jan/22/jobs-of-the-future-are-you-ready-to-join-in,article,education,Education,2019-01-22 16:33:17,Jobs of the future: are you ready to join in?,https://www.theguardian.com/education/2019/jan/22/jobs-of-the-future-are-you-ready-to-join-in,https://content.guardianapis.com/education/2019/jan/22/jobs-of-the-future-are-you-ready-to-join-in,False,pillar/news,News,9,22/01/2019,2019
education/2018/dec/20/how-do-universities-prepare-for-jobs-that-dont-yet-exist,article,education,Education,2018-12-20 07:00:23,How do universities prepare graduates for jobs that don't yet exist?,https://www.theguardian.com/education/2018/dec/20/how-do-universities-prepare-for-jobs-that-dont-yet-exist,https://content.guardianapis.com/education/2018/dec/20/how-do-universities-prepare-for-jobs-that-dont-yet-exist,False,pillar/news,News,9,20/12/2018,2018
future-focused-it/2018/nov/12/the-move-to-the-cloud-has-liberated-me-three-cios-on-their-evolving-roles,article,future-focused-it,Future-focused IT,2018-11-12 13:21:35,‘The move to the cloud has liberated me’: three CIOs on their evolving roles,https://www.theguardian.com/future-focused-it/2018/nov/12/the-move-to-the-cloud-has-liberated-me-three-cios-on-their-evolving-roles,https://content.guardianapis.com/future-focused-it/2018/nov/12/the-move-to-the-cloud-has-liberated-me-three-cios-on-their-evolving-roles,False,,,9,12/11/2018,2018
future-focused-it/2018/nov/12/is-ai-the-new-electricity,article,future-focused-it,Future-focused IT,2018-11-12 13:21:33,Is AI the new electricity?,https://www.theguardian.com/future-focused-it/2018/nov/12/is-ai-the-new-electricity,https://content.guardianapis.com/future-focused-it/2018/nov/12/is-ai-the-new-electricity,False,,,9,12/11/2018,2018
technology/shortcuts/2018/sep/19/alexa-virtual-assistant-manners-and-etiquette,article,technology,Technology,2018-09-19 16:24:18,"‘Alexa – can you teach my kids some manners, please?’",https://www.theguardian.com/technology/shortcuts/2018/sep/19/alexa-virtual-assistant-manners-and-etiquette,https://content.guardianapis.com/technology/shortcuts/2018/sep/19/alexa-virtual-assistant-manners-and-etiquette,False,pillar/news,News,10,19/09/2018,2018
technology/2018/jul/29/the-robot-will-see-you-now-could-computers-take-over-medicine-entirely,article,technology,Technology,2018-07-29 06:00:51,The robot will see you now: could computers take over medicine entirely?,https://www.theguardian.com/technology/2018/jul/29/the-robot-will-see-you-now-could-computers-take-over-medicine-entirely,https://content.guardianapis.com/technology/2018/jul/29/the-robot-will-see-you-now-could-computers-take-over-medicine-entirely,False,pillar/news,News,10,29/07/2018,2018
football/2018/jul/14/investment-banks-predict-world-cup-failures,article,football,Football,2018-07-14 10:00:37,Investment banks thought they were smart enough to predict the World Cup. They weren't,https://www.theguardian.com/football/2018/jul/14/investment-banks-predict-world-cup-failures,https://content.guardianapis.com/football/2018/jul/14/investment-banks-predict-world-cup-failures,False,pillar/sport,Sport,10,14/07/2018,2018
technology/2018/jul/07/artificial-intelligence-can-tell-your-sexuality-politics-surveillance-paul-lewis,article,technology,Technology,2018-07-07 09:00:26,'I was shocked it was so easy': ​meet the professor who says facial recognition ​​can tell if you're gay,https://www.theguardian.com/technology/2018/jul/07/artificial-intelligence-can-tell-your-sexuality-politics-surveillance-paul-lewis,https://content.guardianapis.com/technology/2018/jul/07/artificial-intelligence-can-tell-your-sexuality-politics-surveillance-paul-lewis,False,pillar/news,News,10,07/07/2018,2018
technology/2018/jun/13/mexico-us-border-wall-surveillance-artificial-intelligence-technology,article,technology,Technology,2018-06-13 12:27:42,'Surveillance society': has technology at the US-Mexico border gone too far?,https://www.theguardian.com/technology/2018/jun/13/mexico-us-border-wall-surveillance-artificial-intelligence-technology,https://content.guardianapis.com/technology/2018/jun/13/mexico-us-border-wall-surveillance-artificial-intelligence-technology,False,pillar/news,News,10,13/06/2018,2018
uk-news/live/2018/jun/12/arron-banks-and-andy-wigmore-face-mps-leave-eu-brexit-russia-live,liveblog,uk-news,UK news,2018-06-12 14:17:13,Arron Banks walks out as MPs' questions on Brexit and Russia run late – as it happened,https://www.theguardian.com/uk-news/live/2018/jun/12/arron-banks-and-andy-wigmore-face-mps-leave-eu-brexit-russia-live,https://content.guardianapis.com/uk-news/live/2018/jun/12/arron-banks-and-andy-wigmore-face-mps-leave-eu-brexit-russia-live,False,pillar/news,News,11,12/06/2018,2018
uk-news/2018/may/27/police-trial-ai-software-to-help-process-mobile-phone-evidence,article,uk-news,UK news,2018-05-27 14:36:46,Police trial AI software to help process mobile phone evidence,https://www.theguardian.com/uk-news/2018/may/27/police-trial-ai-software-to-help-process-mobile-phone-evidence,https://content.guardianapis.com/uk-news/2018/may/27/police-trial-ai-software-to-help-process-mobile-phone-evidence,False,pillar/news,News,11,27/05/2018,2018
technology/2018/may/22/the-revolutionising-potential-of-medical-ai,article,technology,Technology,2018-05-22 17:02:21,The revolutionising potential of medical AI | Letters,https://www.theguardian.com/technology/2018/may/22/the-revolutionising-potential-of-medical-ai,https://content.guardianapis.com/technology/2018/may/22/the-revolutionising-potential-of-medical-ai,False,pillar/news,News,11,22/05/2018,2018
technology/2018/may/15/facebook-closed-583m-fake-accounts-in-first-three-months-of-2018,article,technology,Technology,2018-05-15 14:00:21,Facebook closed 583m fake accounts in first three months of 2018,https://www.theguardian.com/technology/2018/may/15/facebook-closed-583m-fake-accounts-in-first-three-months-of-2018,https://content.guardianapis.com/technology/2018/may/15/facebook-closed-583m-fake-accounts-in-first-three-months-of-2018,False,pillar/news,News,11,15/05/2018,2018
business-to-business/2018/apr/27/meet-the-startup-on-a-mission-to-eliminate-traffic-jams,article,business-to-business,Business to business,2018-04-27 09:41:38,Meet the startup on a mission to eliminate traffic jams,https://www.theguardian.com/business-to-business/2018/apr/27/meet-the-startup-on-a-mission-to-eliminate-traffic-jams,https://content.guardianapis.com/business-to-business/2018/apr/27/meet-the-startup-on-a-mission-to-eliminate-traffic-jams,False,pillar/news,News,11,27/04/2018,2018
technology/2018/apr/24/the-two-pizza-rule-and-the-secret-of-amazons-success,article,technology,Technology,2018-04-24 15:32:36,The two-pizza rule and the secret of Amazon's success,https://www.theguardian.com/technology/2018/apr/24/the-two-pizza-rule-and-the-secret-of-amazons-success,https://content.guardianapis.com/technology/2018/apr/24/the-two-pizza-rule-and-the-secret-of-amazons-success,False,pillar/news,News,12,24/04/2018,2018
technology/askjack/2018/apr/19/whats-the-best-email-service-that-doesnt-scan-emails-for-ad-targeting,article,technology,Technology,2018-04-19 12:19:07,What’s the best email service that doesn’t scan emails for ad-targeting?,https://www.theguardian.com/technology/askjack/2018/apr/19/whats-the-best-email-service-that-doesnt-scan-emails-for-ad-targeting,https://content.guardianapis.com/technology/askjack/2018/apr/19/whats-the-best-email-service-that-doesnt-scan-emails-for-ad-targeting,False,pillar/news,News,12,19/04/2018,2018
technology/2018/apr/16/cambridge-analytica-scandal-highlights-need-for-ai-regulation,article,technology,Technology,2018-04-15 23:01:04,Cambridge Analytica scandal 'highlights need for AI regulation',https://www.theguardian.com/technology/2018/apr/16/cambridge-analytica-scandal-highlights-need-for-ai-regulation,https://content.guardianapis.com/technology/2018/apr/16/cambridge-analytica-scandal-highlights-need-for-ai-regulation,False,pillar/news,News,12,15/04/2018,2018
commentisfree/2018/mar/22/are-cambridge-analyticas-insights-even-that-insightful,article,commentisfree,Opinion,2018-03-22 04:54:13,Are Cambridge Analytica’s psychometric insights all that insightful? | Ellen Broad,https://www.theguardian.com/commentisfree/2018/mar/22/are-cambridge-analyticas-insights-even-that-insightful,https://content.guardianapis.com/commentisfree/2018/mar/22/are-cambridge-analyticas-insights-even-that-insightful,False,pillar/opinion,Opinion,12,22/03/2018,2018
news/2018/mar/17/data-war-whistleblower-christopher-wylie-faceook-nix-bannon-trump,article,news,News,2018-03-18 09:44:46,‘I made Steve Bannon’s psychological warfare tool’: meet the data war whistleblower,https://www.theguardian.com/news/2018/mar/17/data-war-whistleblower-christopher-wylie-faceook-nix-bannon-trump,https://content.guardianapis.com/news/2018/mar/17/data-war-whistleblower-christopher-wylie-faceook-nix-bannon-trump,False,pillar/news,News,12,18/03/2018,2018
inequality/2018/mar/04/dehumanising-impenetrable-frustrating-the-grim-reality-of-job-hunting-in-the-age-of-ai,article,inequality,Inequality,2018-03-04 08:00:42,"'Dehumanising, impenetrable, frustrating': the grim reality of job hunting in the age of AI",https://www.theguardian.com/inequality/2018/mar/04/dehumanising-impenetrable-frustrating-the-grim-reality-of-job-hunting-in-the-age-of-ai,https://content.guardianapis.com/inequality/2018/mar/04/dehumanising-impenetrable-frustrating-the-grim-reality-of-job-hunting-in-the-age-of-ai,False,pillar/news,News,13,04/03/2018,2018
technology/2018/feb/02/global-smartphone-market-drops-biggest-fall-apple-china-iphone-x,article,technology,Technology,2018-02-02 11:24:33,Global smartphone market drops 9% in biggest ever fall,https://www.theguardian.com/technology/2018/feb/02/global-smartphone-market-drops-biggest-fall-apple-china-iphone-x,https://content.guardianapis.com/technology/2018/feb/02/global-smartphone-market-drops-biggest-fall-apple-china-iphone-x,False,pillar/news,News,13,02/02/2018,2018
science/political-science/2017/dec/15/data-will-change-the-world-and-we-must-get-its-governance-right,article,science,Science,2017-12-15 08:00:11,"Data will change the world, and we must get its governance right",https://www.theguardian.com/science/political-science/2017/dec/15/data-will-change-the-world-and-we-must-get-its-governance-right,https://content.guardianapis.com/science/political-science/2017/dec/15/data-will-change-the-world-and-we-must-get-its-governance-right,False,pillar/news,News,13,15/12/2017,2017
technology/2017/nov/15/tim-berners-lee-world-wide-web-net-neutrality,article,technology,Technology,2017-11-16 01:23:23,Tim Berners-Lee on the future of the web: 'The system is failing',https://www.theguardian.com/technology/2017/nov/15/tim-berners-lee-world-wide-web-net-neutrality,https://content.guardianapis.com/technology/2017/nov/15/tim-berners-lee-world-wide-web-net-neutrality,False,pillar/news,News,13,16/11/2017,2017
news/2017/oct/31/coders-of-the-world-unite-can-silicon-valley-workers-curb-the-power-of-big-tech,article,news,News,2017-10-31 06:00:17,"Coders of the world, unite: can Silicon Valley workers curb the power of Big Tech?",https://www.theguardian.com/news/2017/oct/31/coders-of-the-world-unite-can-silicon-valley-workers-curb-the-power-of-big-tech,https://content.guardianapis.com/news/2017/oct/31/coders-of-the-world-unite-can-silicon-valley-workers-curb-the-power-of-big-tech,False,pillar/news,News,13,31/10/2017,2017
media/2017/oct/24/changing-media-summit-2018-speakers,article,media,Media,2017-10-24 14:25:05,Changing Media Summit 2018 speakers,https://www.theguardian.com/media/2017/oct/24/changing-media-summit-2018-speakers,https://content.guardianapis.com/media/2017/oct/24/changing-media-summit-2018-speakers,False,pillar/news,News,14,24/10/2017,2017
public-leaders-network/2017/sep/13/autonomous-vehicles-data-management-public-consultation,article,public-leaders-network,Public Leaders Network,2017-09-13 06:23:04,Autonomous vehicles livechat best bits,https://www.theguardian.com/public-leaders-network/2017/sep/13/autonomous-vehicles-data-management-public-consultation,https://content.guardianapis.com/public-leaders-network/2017/sep/13/autonomous-vehicles-data-management-public-consultation,False,pillar/news,News,14,13/09/2017,2017
technology/2017/aug/01/data-browsing-habits-brokers,article,technology,Technology,2017-08-01 06:00:10,"'Anonymous' browsing data can be easily exposed, researchers reveal",https://www.theguardian.com/technology/2017/aug/01/data-browsing-habits-brokers,https://content.guardianapis.com/technology/2017/aug/01/data-browsing-habits-brokers,False,pillar/news,News,14,01/08/2017,2017
small-business-network/2017/jul/14/obama-app-orai-public-speaking-artificial-intelligence,article,small-business-network,Guardian Small Business Network,2017-07-14 06:00:15,Want to captivate an audience like Obama? There’s an app for that,https://www.theguardian.com/small-business-network/2017/jul/14/obama-app-orai-public-speaking-artificial-intelligence,https://content.guardianapis.com/small-business-network/2017/jul/14/obama-app-orai-public-speaking-artificial-intelligence,False,pillar/news,News,14,14/07/2017,2017
technology/2017/may/14/robert-mercer-cambridge-analytica-leave-eu-referendum-brexit-campaigns,article,technology,Technology,2017-05-14 07:00:10,Follow the data: does a legal document link Brexit campaigns to US billionaire?,https://www.theguardian.com/technology/2017/may/14/robert-mercer-cambridge-analytica-leave-eu-referendum-brexit-campaigns,https://content.guardianapis.com/technology/2017/may/14/robert-mercer-cambridge-analytica-leave-eu-referendum-brexit-campaigns,False,pillar/news,News,14,14/05/2017,2017
business/2017/may/07/robotics-ai-and-3d-printing-could-close-uks-productivity-gap,article,business,Business,2017-05-07 15:12:10,"Robotics, AI​​ and 3D printing could close UK's productivity gap",https://www.theguardian.com/business/2017/may/07/robotics-ai-and-3d-printing-could-close-uks-productivity-gap,https://content.guardianapis.com/business/2017/may/07/robotics-ai-and-3d-printing-could-close-uks-productivity-gap,False,pillar/news,News,15,07/05/2017,2017
australia-news/2017/apr/06/malcolm-turnbull-says-we-cannot-and-will-not-stop-cutting-taxes,article,australia-news,Australia news,2017-04-06 11:00:02,Malcolm Turnbull says 'we cannot and will not' stop cutting taxes,https://www.theguardian.com/australia-news/2017/apr/06/malcolm-turnbull-says-we-cannot-and-will-not-stop-cutting-taxes,https://content.guardianapis.com/australia-news/2017/apr/06/malcolm-turnbull-says-we-cannot-and-will-not-stop-cutting-taxes,False,pillar/news,News,15,06/04/2017,2017
public-leaders-network/2017/mar/21/government-sharing-private-data-livechat,article,public-leaders-network,Public Leaders Network,2017-03-21 11:10:45,How do you feel about the government sharing our personal data?  - livechat,https://www.theguardian.com/public-leaders-network/2017/mar/21/government-sharing-private-data-livechat,https://content.guardianapis.com/public-leaders-network/2017/mar/21/government-sharing-private-data-livechat,False,pillar/news,News,15,21/03/2017,2017
culture/2017/mar/12/facebook-policy-chief-social-media-must-step-up-fight-against-extremism,article,culture,Culture,2017-03-12 13:21:03,Facebook policy chief: social media must step up fight against extremism,https://www.theguardian.com/culture/2017/mar/12/facebook-policy-chief-social-media-must-step-up-fight-against-extremism,https://content.guardianapis.com/culture/2017/mar/12/facebook-policy-chief-social-media-must-step-up-fight-against-extremism,False,pillar/arts,Arts,15,12/03/2017,2017
politics/2017/feb/26/robert-mercer-breitbart-war-on-media-steve-bannon-donald-trump-nigel-farage,article,politics,Politics,2017-02-26 09:00:26,Robert Mercer: the big data billionaire waging war on mainstream media,https://www.theguardian.com/politics/2017/feb/26/robert-mercer-breitbart-war-on-media-steve-bannon-donald-trump-nigel-farage,https://content.guardianapis.com/politics/2017/feb/26/robert-mercer-breitbart-war-on-media-steve-bannon-donald-trump-nigel-farage,False,pillar/news,News,15,26/02/2017,2017
politics/2017/feb/26/us-billionaire-mercer-helped-back-brexit,article,politics,Politics,2017-02-26 00:04:15,Revealed: how US billionaire helped to back Brexit,https://www.theguardian.com/politics/2017/feb/26/us-billionaire-mercer-helped-back-brexit,https://content.guardianapis.com/politics/2017/feb/26/us-billionaire-mercer-helped-back-brexit,False,pillar/news,News,16,26/02/2017,2017
sustainable-business/2017/feb/17/holidays-travel-automated-lastminute-expedia-skyscanner,article,sustainable-business,Guardian Sustainable Business,2017-02-17 06:00:02,Automated holidays: how AI is affecting the travel industry,https://www.theguardian.com/sustainable-business/2017/feb/17/holidays-travel-automated-lastminute-expedia-skyscanner,https://content.guardianapis.com/sustainable-business/2017/feb/17/holidays-travel-automated-lastminute-expedia-skyscanner,False,,,16,17/02/2017,2017
global-development-professionals-network/2017/jan/25/the-future-of-technology-in-disaster-response,article,global-development-professionals-network,Global Development Professionals Network,2017-01-25 15:13:25,How technology can help disaster response,https://www.theguardian.com/global-development-professionals-network/2017/jan/25/the-future-of-technology-in-disaster-response,https://content.guardianapis.com/global-development-professionals-network/2017/jan/25/the-future-of-technology-in-disaster-response,False,pillar/news,News,16,25/01/2017,2017
technology/2017/jan/15/driverless-cars-12-things-you-need-to-know,article,technology,Technology,2017-01-15 07:30:09,Twelve things you need to know about driverless cars,https://www.theguardian.com/technology/2017/jan/15/driverless-cars-12-things-you-need-to-know,https://content.guardianapis.com/technology/2017/jan/15/driverless-cars-12-things-you-need-to-know,False,pillar/news,News,16,15/01/2017,2017
technology/2016/dec/26/could-online-tutors-and-artificial-intelligence-be-the-future-of-teaching,article,technology,Technology,2016-12-26 07:00:36,Could online tutors and artificial intelligence be the future of teaching?,https://www.theguardian.com/technology/2016/dec/26/could-online-tutors-and-artificial-intelligence-be-the-future-of-teaching,https://content.guardianapis.com/technology/2016/dec/26/could-online-tutors-and-artificial-intelligence-be-the-future-of-teaching,False,pillar/news,News,16,26/12/2016,2016
technology/2016/dec/22/bridgewater-associates-ai-artificial-intelligence-management,article,technology,Technology,2016-12-22 21:44:36,World’s largest hedge fund to replace managers with artificial intelligence,https://www.theguardian.com/technology/2016/dec/22/bridgewater-associates-ai-artificial-intelligence-management,https://content.guardianapis.com/technology/2016/dec/22/bridgewater-associates-ai-artificial-intelligence-management,False,pillar/news,News,17,22/12/2016,2016
media/2016/oct/17/changing-media-summit-2017-speakers,article,media,Media,2016-10-17 16:12:37,Changing Media Summit 2017 speakers,https://www.theguardian.com/media/2016/oct/17/changing-media-summit-2017-speakers,https://content.guardianapis.com/media/2016/oct/17/changing-media-summit-2017-speakers,False,pillar/news,News,17,17/10/2016,2016
culture/2016/oct/17/future-of-pop-culture-music-film-comedy,article,culture,Culture,2016-10-17 08:00:07,"The future of pop culture: robot performers, an avatar Drake and a Kanye West superstore",https://www.theguardian.com/culture/2016/oct/17/future-of-pop-culture-music-film-comedy,https://content.guardianapis.com/culture/2016/oct/17/future-of-pop-culture-music-film-comedy,False,pillar/arts,Arts,17,17/10/2016,2016
media-network/2016/sep/15/responsiblity-real-concerns-artificial-intelligence-technology,article,media-network,Media Network,2016-09-15 07:30:36,How can we address real concerns over artificial intelligence?,https://www.theguardian.com/media-network/2016/sep/15/responsiblity-real-concerns-artificial-intelligence-technology,https://content.guardianapis.com/media-network/2016/sep/15/responsiblity-real-concerns-artificial-intelligence-technology,False,pillar/news,News,17,15/09/2016,2016
media-network/2016/aug/26/social-media-sites-protect-users-twitter-facebook,article,media-network,Media Network,2016-08-26 07:00:12,Are Facebook and Twitter doing enough to protect users?,https://www.theguardian.com/media-network/2016/aug/26/social-media-sites-protect-users-twitter-facebook,https://content.guardianapis.com/media-network/2016/aug/26/social-media-sites-protect-users-twitter-facebook,False,pillar/news,News,17,26/08/2016,2016
media-network/2016/aug/10/artificial-intelligence-the-new-creative-mind,article,media-network,Media Network,2016-08-10 07:00:05,What does artificial intelligence mean for the creative mind?,https://www.theguardian.com/media-network/2016/aug/10/artificial-intelligence-the-new-creative-mind,https://content.guardianapis.com/media-network/2016/aug/10/artificial-intelligence-the-new-creative-mind,False,pillar/news,News,18,10/08/2016,2016
small-business-network/2016/jul/21/are-chat-bots-liberating-workers-small-businesses,article,small-business-network,Guardian Small Business Network,2016-07-21 06:15:01,Are chatbots liberating workers?,https://www.theguardian.com/small-business-network/2016/jul/21/are-chat-bots-liberating-workers-small-businesses,https://content.guardianapis.com/small-business-network/2016/jul/21/are-chat-bots-liberating-workers-small-businesses,False,pillar/news,News,18,21/07/2016,2016
voluntary-sector-network/2016/jun/21/digital-customer-service-charities-social-media,article,voluntary-sector-network,Voluntary Sector Network,2016-06-21 09:28:17,Digital customer service: how charities can do it successfully,https://www.theguardian.com/voluntary-sector-network/2016/jun/21/digital-customer-service-charities-social-media,https://content.guardianapis.com/voluntary-sector-network/2016/jun/21/digital-customer-service-charities-social-media,False,pillar/news,News,18,21/06/2016,2016
sustainable-business/2016/may/17/from-app-doctors-to-big-data-five-ways-tech-will-shape-healthcare,article,sustainable-business,Guardian Sustainable Business,2016-05-17 14:38:44,From app doctors to big data: five ways tech will shape healthcare,https://www.theguardian.com/sustainable-business/2016/may/17/from-app-doctors-to-big-data-five-ways-tech-will-shape-healthcare,https://content.guardianapis.com/sustainable-business/2016/may/17/from-app-doctors-to-big-data-five-ways-tech-will-shape-healthcare,False,,,18,17/05/2016,2016
commentisfree/2016/may/04/googles-deepmind-shouldnt-be-sucking-up-our-nhs-records-in-secret,article,commentisfree,Opinion,2016-05-04 14:36:20,Google's DeepMind shouldn't suck up our NHS records in secret,https://www.theguardian.com/commentisfree/2016/may/04/googles-deepmind-shouldnt-be-sucking-up-our-nhs-records-in-secret,https://content.guardianapis.com/commentisfree/2016/may/04/googles-deepmind-shouldnt-be-sucking-up-our-nhs-records-in-secret,False,pillar/opinion,Opinion,18,04/05/2016,2016
technology/2016/apr/13/facebook-f8-developer-event-key-points,article,technology,Technology,2016-04-13 21:40:41,What you missed at Facebook's F8 developer event - at a glance,https://www.theguardian.com/technology/2016/apr/13/facebook-f8-developer-event-key-points,https://content.guardianapis.com/technology/2016/apr/13/facebook-f8-developer-event-key-points,False,pillar/news,News,19,13/04/2016,2016
sustainable-business/2016/mar/30/robot-economy-workforce-artificial-intelligence,article,sustainable-business,Guardian Sustainable Business,2016-03-30 04:00:21,Self-driving cars to hospital robots: automation will change life and work,https://www.theguardian.com/sustainable-business/2016/mar/30/robot-economy-workforce-artificial-intelligence,https://content.guardianapis.com/sustainable-business/2016/mar/30/robot-economy-workforce-artificial-intelligence,False,,,19,30/03/2016,2016
science/the-lay-scientist/2016/feb/18/has-a-rampaging-ai-algorithm-really-killed-thousands-in-pakistan,article,science,Science,2016-02-18 15:10:35,Has a rampaging AI algorithm really killed thousands in Pakistan?,https://www.theguardian.com/science/the-lay-scientist/2016/feb/18/has-a-rampaging-ai-algorithm-really-killed-thousands-in-pakistan,https://content.guardianapis.com/science/the-lay-scientist/2016/feb/18/has-a-rampaging-ai-algorithm-really-killed-thousands-in-pakistan,False,pillar/news,News,19,18/02/2016,2016
media-network/2015/aug/11/internet-of-everything-retail-webchat-beacons,article,media-network,Media Network,2015-08-11 10:31:10,Will the internet of everything change how we shop? – live Q&A,https://www.theguardian.com/media-network/2015/aug/11/internet-of-everything-retail-webchat-beacons,https://content.guardianapis.com/media-network/2015/aug/11/internet-of-everything-retail-webchat-beacons,False,pillar/news,News,19,11/08/2015,2015
world/2015/jun/15/bilberberg-looks-to-the-future-but-is-stuck-in-the-past,article,world,World news,2015-06-15 14:14:35,Bilderberg looks to the future but is stuck in the past,https://www.theguardian.com/world/2015/jun/15/bilberberg-looks-to-the-future-but-is-stuck-in-the-past,https://content.guardianapis.com/world/2015/jun/15/bilberberg-looks-to-the-future-but-is-stuck-in-the-past,False,pillar/news,News,19,15/06/2015,2015
media-network/2014/may/02/activate-london-2014-speakers,article,media-network,Media Network,2014-05-22 14:05:37,Activate London 2014: speakers,https://www.theguardian.com/media-network/2014/may/02/activate-london-2014-speakers,https://content.guardianapis.com/media-network/2014/may/02/activate-london-2014-speakers,False,pillar/news,News,20,22/05/2014,2014
media-network/media-network-blog/2014/apr/03/security-data-problem-machine-learning,article,media-network,Media Network,2014-04-03 13:15:35,"By turning security into a data problem, we can turn the tables on the bad guys",https://www.theguardian.com/media-network/media-network-blog/2014/apr/03/security-data-problem-machine-learning,https://content.guardianapis.com/media-network/media-network-blog/2014/apr/03/security-data-problem-machine-learning,False,pillar/news,News,20,03/04/2014,2014
technology/2013/oct/31/hacking-electric-cars-twitter-apple,article,technology,Technology,2013-10-31 07:00:08,"Boot up: building cars out of batteries, AI hacking CAPTCHAs, console-power smartphone GPUs and more",https://www.theguardian.com/technology/2013/oct/31/hacking-electric-cars-twitter-apple,https://content.guardianapis.com/technology/2013/oct/31/hacking-electric-cars-twitter-apple,False,pillar/news,News,20,31/10/2013,2013
media-network/media-network-blog/2013/sep/13/turing-artificial-intelligence-brands-consumers,article,media-network,Media Network,2013-09-13 15:33:37,To Turing and beyond: the future of artificial intelligence,https://www.theguardian.com/media-network/media-network-blog/2013/sep/13/turing-artificial-intelligence-brands-consumers,https://content.guardianapis.com/media-network/media-network-blog/2013/sep/13/turing-artificial-intelligence-brands-consumers,False,pillar/news,News,20,13/09/2013,2013
technology/gamesblog/2013/jul/12/develop-conference-2013-highlights,article,technology,Technology,2013-07-12 16:18:00,"Develop 2013 highlights: free-to-play, leftfield consoles and more",https://www.theguardian.com/technology/gamesblog/2013/jul/12/develop-conference-2013-highlights,https://content.guardianapis.com/technology/gamesblog/2013/jul/12/develop-conference-2013-highlights,False,pillar/news,News,20,12/07/2013,2013
technology/appsblog/2013/may/09/zynga-travis-boatman-running-with-friends,article,games,Games,2013-05-09 10:20:18,"Zynga talks Running With Friends, Draw Something 2 and tablet-first plans",https://www.theguardian.com/technology/appsblog/2013/may/09/zynga-travis-boatman-running-with-friends,https://content.guardianapis.com/technology/appsblog/2013/may/09/zynga-travis-boatman-running-with-friends,False,pillar/arts,Arts,21,09/05/2013,2013
